Titre;Prix;Disponibilité;Étoiles;Price (excl. tax);Price (incl. tax);Tax
A Light in the Attic;Â£51.77;In stock;3;Â£51.77;Â£51.77;Â£0.00
Tipping the Velvet;Â£53.74;In stock;1;Â£53.74;Â£53.74;Â£0.00
Soumission;Â£50.10;In stock;1;Â£50.10;Â£50.10;Â£0.00
Sharp Objects;Â£47.82;In stock;4;Â£47.82;Â£47.82;Â£0.00
Sapiens: A Brief History of Humankind;Â£54.23;In stock;5;Â£54.23;Â£54.23;Â£0.00
The Requiem Red;Â£22.65;In stock;1;Â£22.65;Â£22.65;Â£0.00
The Dirty Little Secrets of Getting Your Dream Job;Â£33.34;In stock;4;Â£33.34;Â£33.34;Â£0.00
The Coming Woman: A Novel Based on the Life of the Infamous Feminist, Victoria Woodhull;Â£17.93;In stock;3;Â£17.93;Â£17.93;Â£0.00
The Boys in the Boat: Nine Americans and Their Epic Quest for Gold at the 1936 Berlin Olympics;Â£22.60;In stock;4;Â£22.60;Â£22.60;Â£0.00
The Black Maria;Â£52.15;In stock;1;Â£52.15;Â£52.15;Â£0.00
Starving Hearts (Triangular Trade Trilogy, #1);Â£13.99;In stock;2;Â£13.99;Â£13.99;Â£0.00
Shakespeare's Sonnets;Â£20.66;In stock;4;Â£20.66;Â£20.66;Â£0.00
Set Me Free;Â£17.46;In stock;5;Â£17.46;Â£17.46;Â£0.00
Scott Pilgrim's Precious Little Life (Scott Pilgrim #1);Â£52.29;In stock;5;Â£52.29;Â£52.29;Â£0.00
Rip it Up and Start Again;Â£35.02;In stock;5;Â£35.02;Â£35.02;Â£0.00
Our Band Could Be Your Life: Scenes from the American Indie Underground, 1981-1991;Â£57.25;In stock;3;Â£57.25;Â£57.25;Â£0.00
Olio;Â£23.88;In stock;1;Â£23.88;Â£23.88;Â£0.00
Mesaerion: The Best Science Fiction Stories 1800-1849;Â£37.59;In stock;1;Â£37.59;Â£37.59;Â£0.00
Libertarianism for Beginners;Â£51.33;In stock;2;Â£51.33;Â£51.33;Â£0.00
It's Only the Himalayas;Â£45.17;In stock;2;Â£45.17;Â£45.17;Â£0.00
In Her Wake;Â£12.84;In stock;1;Â£12.84;Â£12.84;Â£0.00
How Music Works;Â£37.32;In stock;2;Â£37.32;Â£37.32;Â£0.00
Foolproof Preserving: A Guide to Small Batch Jams, Jellies, Pickles, Condiments, and More: A Foolproof Guide to Making Small Batch Jams, Jellies, Pickles, Condiments, and More;Â£30.52;In stock;3;Â£30.52;Â£30.52;Â£0.00
Chase Me (Paris Nights #2);Â£25.27;In stock;5;Â£25.27;Â£25.27;Â£0.00
Black Dust;Â£34.53;In stock;5;Â£34.53;Â£34.53;Â£0.00
Birdsong: A Story in Pictures;Â£54.64;In stock;3;Â£54.64;Â£54.64;Â£0.00
America's Cradle of Quarterbacks: Western Pennsylvania's Football Factory from Johnny Unitas to Joe Montana;Â£22.50;In stock;3;Â£22.50;Â£22.50;Â£0.00
Aladdin and His Wonderful Lamp;Â£53.13;In stock;3;Â£53.13;Â£53.13;Â£0.00
Worlds Elsewhere: Journeys Around Shakespeareâs Globe;Â£40.30;In stock;5;Â£40.30;Â£40.30;Â£0.00
Wall and Piece;Â£44.18;In stock;4;Â£44.18;Â£44.18;Â£0.00
The Four Agreements: A Practical Guide to Personal Freedom;Â£17.66;In stock;5;Â£17.66;Â£17.66;Â£0.00
The Five Love Languages: How to Express Heartfelt Commitment to Your Mate;Â£31.05;In stock;3;Â£31.05;Â£31.05;Â£0.00
The Elephant Tree;Â£23.82;In stock;5;Â£23.82;Â£23.82;Â£0.00
The Bear and the Piano;Â£36.89;In stock;1;Â£36.89;Â£36.89;Â£0.00
Sophie's World;Â£15.94;In stock;5;Â£15.94;Â£15.94;Â£0.00
Penny Maybe;Â£33.29;In stock;3;Â£33.29;Â£33.29;Â£0.00
Maude (1883-1993):She Grew Up with the country;Â£18.02;In stock;2;Â£18.02;Â£18.02;Â£0.00
In a Dark, Dark Wood;Â£19.63;In stock;1;Â£19.63;Â£19.63;Â£0.00
Behind Closed Doors;Â£52.22;In stock;4;Â£52.22;Â£52.22;Â£0.00
You can't bury them all: Poems;Â£33.63;In stock;2;Â£33.63;Â£33.63;Â£0.00
Slow States of Collapse: Poems;Â£57.31;In stock;3;Â£57.31;Â£57.31;Â£0.00
Reasons to Stay Alive;Â£26.41;In stock;2;Â£26.41;Â£26.41;Â£0.00
Private Paris (Private #10);Â£47.61;In stock;5;Â£47.61;Â£47.61;Â£0.00
#HigherSelfie: Wake Up Your Life. Free Your Soul. Find Your Tribe.;Â£23.11;In stock;5;Â£23.11;Â£23.11;Â£0.00
Without Borders (Wanderlove #1);Â£45.07;In stock;2;Â£45.07;Â£45.07;Â£0.00
When We Collided;Â£31.77;In stock;1;Â£31.77;Â£31.77;Â£0.00
We Love You, Charlie Freeman;Â£50.27;In stock;5;Â£50.27;Â£50.27;Â£0.00
Untitled Collection: Sabbath Poems 2014;Â£14.27;In stock;4;Â£14.27;Â£14.27;Â£0.00
Unseen City: The Majesty of Pigeons, the Discreet Charm of Snails & Other Wonders of the Urban Wilderness;Â£44.18;In stock;4;Â£44.18;Â£44.18;Â£0.00
Unicorn Tracks;Â£18.78;In stock;3;Â£18.78;Â£18.78;Â£0.00
Unbound: How Eight Technologies Made Us Human, Transformed Society, and Brought Our World to the Brink;Â£25.52;In stock;1;Â£25.52;Â£25.52;Â£0.00
Tsubasa: WoRLD CHRoNiCLE 2 (Tsubasa WoRLD CHRoNiCLE #2);Â£16.28;In stock;1;Â£16.28;Â£16.28;Â£0.00
Throwing Rocks at the Google Bus: How Growth Became the Enemy of Prosperity;Â£31.12;In stock;3;Â£31.12;Â£31.12;Â£0.00
This One Summer;Â£19.49;In stock;4;Â£19.49;Â£19.49;Â£0.00
Thirst;Â£17.27;In stock;5;Â£17.27;Â£17.27;Â£0.00
The Torch Is Passed: A Harding Family Story;Â£19.09;In stock;1;Â£19.09;Â£19.09;Â£0.00
The Secret of Dreadwillow Carse;Â£56.13;In stock;1;Â£56.13;Â£56.13;Â£0.00
The Pioneer Woman Cooks: Dinnertime: Comfort Classics, Freezer Food, 16-Minute Meals, and Other Delicious Ways to Solve Supper!;Â£56.41;In stock;1;Â£56.41;Â£56.41;Â£0.00
The Past Never Ends;Â£56.50;In stock;4;Â£56.50;Â£56.50;Â£0.00
The Natural History of Us (The Fine Art of Pretending #2);Â£45.22;In stock;3;Â£45.22;Â£45.22;Â£0.00
The Nameless City (The Nameless City #1);Â£38.16;In stock;4;Â£38.16;Â£38.16;Â£0.00
The Murder That Never Was (Forensic Instincts #5);Â£54.11;In stock;3;Â£54.11;Â£54.11;Â£0.00
The Most Perfect Thing: Inside (and Outside) a Bird's Egg;Â£42.96;In stock;4;Â£42.96;Â£42.96;Â£0.00
The Mindfulness and Acceptance Workbook for Anxiety: A Guide to Breaking Free from Anxiety, Phobias, and Worry Using Acceptance and Commitment Therapy;Â£23.89;In stock;4;Â£23.89;Â£23.89;Â£0.00
The Life-Changing Magic of Tidying Up: The Japanese Art of Decluttering and Organizing;Â£16.77;In stock;3;Â£16.77;Â£16.77;Â£0.00
The Inefficiency Assassin: Time Management Tactics for Working Smarter, Not Longer;Â£20.59;In stock;5;Â£20.59;Â£20.59;Â£0.00
The Gutsy Girl: Escapades for Your Life of Epic Adventure;Â£37.13;In stock;1;Â£37.13;Â£37.13;Â£0.00
The Electric Pencil: Drawings from Inside State Hospital No. 3;Â£56.06;In stock;1;Â£56.06;Â£56.06;Â£0.00
The Death of Humanity: and the Case for Life;Â£58.11;In stock;4;Â£58.11;Â£58.11;Â£0.00
The Bulletproof Diet: Lose up to a Pound a Day, Reclaim Energy and Focus, Upgrade Your Life;Â£49.05;In stock;3;Â£49.05;Â£49.05;Â£0.00
The Art Forger;Â£40.76;In stock;3;Â£40.76;Â£40.76;Â£0.00
The Age of Genius: The Seventeenth Century and the Birth of the Modern Mind;Â£19.73;In stock;1;Â£19.73;Â£19.73;Â£0.00
The Activist's Tao Te Ching: Ancient Advice for a Modern Revolution;Â£32.24;In stock;5;Â£32.24;Â£32.24;Â£0.00
Spark Joy: An Illustrated Master Class on the Art of Organizing and Tidying Up;Â£41.83;In stock;4;Â£41.83;Â£41.83;Â£0.00
Soul Reader;Â£39.58;In stock;2;Â£39.58;Â£39.58;Â£0.00
Security;Â£39.25;In stock;2;Â£39.25;Â£39.25;Â£0.00
Saga, Volume 6 (Saga (Collected Editions) #6);Â£25.02;In stock;3;Â£25.02;Â£25.02;Â£0.00
Saga, Volume 5 (Saga (Collected Editions) #5);Â£51.04;In stock;2;Â£51.04;Â£51.04;Â£0.00
Reskilling America: Learning to Labor in the Twenty-First Century;Â£19.83;In stock;2;Â£19.83;Â£19.83;Â£0.00
Rat Queens, Vol. 3: Demons (Rat Queens (Collected Editions) #11-15);Â£50.40;In stock;3;Â£50.40;Â£50.40;Â£0.00
Princess Jellyfish 2-in-1 Omnibus, Vol. 01 (Princess Jellyfish 2-in-1 Omnibus #1);Â£13.61;In stock;5;Â£13.61;Â£13.61;Â£0.00
Princess Between Worlds (Wide-Awake Princess #5);Â£13.34;In stock;5;Â£13.34;Â£13.34;Â£0.00
Pop Gun War, Volume 1: Gift;Â£18.97;In stock;1;Â£18.97;Â£18.97;Â£0.00
Political Suicide: Missteps, Peccadilloes, Bad Calls, Backroom Hijinx, Sordid Pasts, Rotten Breaks, and Just Plain Dumb Mistakes in the Annals of American Politics;Â£36.28;In stock;2;Â£36.28;Â£36.28;Â£0.00
Patience;Â£10.16;In stock;3;Â£10.16;Â£10.16;Â£0.00
Outcast, Vol. 1: A Darkness Surrounds Him (Outcast #1);Â£15.44;In stock;4;Â£15.44;Â£15.44;Â£0.00
orange: The Complete Collection 1 (orange: The Complete Collection #1);Â£48.41;In stock;1;Â£48.41;Â£48.41;Â£0.00
Online Marketing for Busy Authors: A Step-By-Step Guide;Â£46.35;In stock;1;Â£46.35;Â£46.35;Â£0.00
On a Midnight Clear;Â£14.07;In stock;3;Â£14.07;Â£14.07;Â£0.00
Obsidian (Lux #1);Â£14.86;In stock;2;Â£14.86;Â£14.86;Â£0.00
My Paris Kitchen: Recipes and Stories;Â£33.37;In stock;2;Â£33.37;Â£33.37;Â£0.00
Masks and Shadows;Â£56.40;In stock;2;Â£56.40;Â£56.40;Â£0.00
Mama Tried: Traditional Italian Cooking for the Screwed, Crude, Vegan, and Tattooed;Â£14.02;In stock;4;Â£14.02;Â£14.02;Â£0.00
Lumberjanes, Vol. 2: Friendship to the Max (Lumberjanes #5-8);Â£46.91;In stock;2;Â£46.91;Â£46.91;Â£0.00
Lumberjanes, Vol. 1: Beware the Kitten Holy (Lumberjanes #1-4);Â£45.61;In stock;3;Â£45.61;Â£45.61;Â£0.00
Lumberjanes Vol. 3: A Terrible Plan (Lumberjanes #9-12);Â£19.92;In stock;2;Â£19.92;Â£19.92;Â£0.00
Layered: Baking, Building, and Styling Spectacular Cakes;Â£40.11;In stock;1;Â£40.11;Â£40.11;Â£0.00
Judo: Seven Steps to Black Belt (an Introductory Guide for Beginners);Â£53.90;In stock;2;Â£53.90;Â£53.90;Â£0.00
Join;Â£35.67;In stock;5;Â£35.67;Â£35.67;Â£0.00
In the Country We Love: My Family Divided;Â£22.00;In stock;4;Â£22.00;Â£22.00;Â£0.00
Immunity: How Elie Metchnikoff Changed the Course of Modern Medicine;Â£57.36;In stock;5;Â£57.36;Â£57.36;Â£0.00
I Hate Fairyland, Vol. 1: Madly Ever After (I Hate Fairyland (Compilations) #1-5);Â£29.17;In stock;2;Â£29.17;Â£29.17;Â£0.00
I am a Hero Omnibus Volume 1;Â£54.63;In stock;3;Â£54.63;Â£54.63;Â£0.00
How to Be Miserable: 40 Strategies You Already Use;Â£46.03;In stock;1;Â£46.03;Â£46.03;Â£0.00
Her Backup Boyfriend (The Sorensen Family #1);Â£33.97;In stock;1;Â£33.97;Â£33.97;Â£0.00
Giant Days, Vol. 2 (Giant Days #5-8);Â£22.11;In stock;2;Â£22.11;Â£22.11;Â£0.00
Forever and Forever: The Courtship of Henry Longfellow and Fanny Appleton;Â£29.69;In stock;3;Â£29.69;Â£29.69;Â£0.00
First and First (Five Boroughs #3);Â£15.97;In stock;4;Â£15.97;Â£15.97;Â£0.00
Fifty Shades Darker (Fifty Shades #2);Â£21.96;In stock;1;Â£21.96;Â£21.96;Â£0.00
Everydata: The Misinformation Hidden in the Little Data You Consume Every Day;Â£54.35;In stock;2;Â£54.35;Â£54.35;Â£0.00
Don't Be a Jerk: And Other Practical Advice from Dogen, Japan's Greatest Zen Master;Â£37.97;In stock;2;Â£37.97;Â£37.97;Â£0.00
Danganronpa Volume 1;Â£51.99;In stock;4;Â£51.99;Â£51.99;Â£0.00
Crown of Midnight (Throne of Glass #2);Â£43.29;In stock;3;Â£43.29;Â£43.29;Â£0.00
Codename Baboushka, Volume 1: The Conclave of Death;Â£36.72;In stock;4;Â£36.72;Â£36.72;Â£0.00
Camp Midnight;Â£17.08;In stock;4;Â£17.08;Â£17.08;Â£0.00
Call the Nurse: True Stories of a Country Nurse on a Scottish Isle;Â£29.14;In stock;5;Â£29.14;Â£29.14;Â£0.00
Burning;Â£28.81;In stock;3;Â£28.81;Â£28.81;Â£0.00
Bossypants;Â£49.46;In stock;2;Â£49.46;Â£49.46;Â£0.00
Bitch Planet, Vol. 1: Extraordinary Machine (Bitch Planet (Collected Editions));Â£37.92;In stock;2;Â£37.92;Â£37.92;Â£0.00
Avatar: The Last Airbender: Smoke and Shadow, Part 3 (Smoke and Shadow #3);Â£28.09;In stock;2;Â£28.09;Â£28.09;Â£0.00
Algorithms to Live By: The Computer Science of Human Decisions;Â£30.81;In stock;1;Â£30.81;Â£30.81;Â£0.00
A World of Flavor: Your Gluten Free Passport;Â£42.95;In stock;1;Â£42.95;Â£42.95;Â£0.00
A Piece of Sky, a Grain of Rice: A Memoir in Four Meditations;Â£56.76;In stock;5;Â£56.76;Â£56.76;Â£0.00
A Murder in Time;Â£16.64;In stock;1;Â£16.64;Â£16.64;Â£0.00
A Flight of Arrows (The Pathfinders #2);Â£55.53;In stock;5;Â£55.53;Â£55.53;Â£0.00
A Fierce and Subtle Poison;Â£28.13;In stock;4;Â£28.13;Â£28.13;Â£0.00
A Court of Thorns and Roses (A Court of Thorns and Roses #1);Â£52.37;In stock;1;Â£52.37;Â£52.37;Â£0.00
(Un)Qualified: How God Uses Broken People to Do Big Things;Â£54.00;In stock;5;Â£54.00;Â£54.00;Â£0.00
You Are What You Love: The Spiritual Power of Habit;Â£21.87;In stock;4;Â£21.87;Â£21.87;Â£0.00
William Shakespeare's Star Wars: Verily, A New Hope (William Shakespeare's Star Wars #4);Â£43.30;In stock;4;Â£43.30;Â£43.30;Â£0.00
Tuesday Nights in 1980;Â£21.04;In stock;2;Â£21.04;Â£21.04;Â£0.00
Tracing Numbers on a Train;Â£41.60;In stock;3;Â£41.60;Â£41.60;Â£0.00
Throne of Glass (Throne of Glass #1);Â£35.07;In stock;3;Â£35.07;Â£35.07;Â£0.00
Thomas Jefferson and the Tripoli Pirates: The Forgotten War That Changed American History;Â£59.64;In stock;1;Â£59.64;Â£59.64;Â£0.00
Thirteen Reasons Why;Â£52.72;In stock;1;Â£52.72;Â£52.72;Â£0.00
The White Cat and the Monk: A Retelling of the Poem âPangur BÃ¡nâ;Â£58.08;In stock;4;Â£58.08;Â£58.08;Â£0.00
The Wedding Dress;Â£24.12;In stock;1;Â£24.12;Â£24.12;Â£0.00
The Vacationers;Â£42.15;In stock;4;Â£42.15;Â£42.15;Â£0.00
The Third Wave: An Entrepreneurâs Vision of the Future;Â£12.61;In stock;5;Â£12.61;Â£12.61;Â£0.00
The Stranger;Â£17.44;In stock;4;Â£17.44;Â£17.44;Â£0.00
The Shadow Hero (The Shadow Hero);Â£33.14;In stock;1;Â£33.14;Â£33.14;Â£0.00
The Secret (The Secret #1);Â£27.37;In stock;4;Â£27.37;Â£27.37;Â£0.00
The Regional Office Is Under Attack!;Â£51.36;In stock;5;Â£51.36;Â£51.36;Â£0.00
The Psychopath Test: A Journey Through the Madness Industry;Â£36.00;In stock;2;Â£36.00;Â£36.00;Â£0.00
The Project;Â£10.65;In stock;1;Â£10.65;Â£10.65;Â£0.00
The Power of Now: A Guide to Spiritual Enlightenment;Â£43.54;In stock;2;Â£43.54;Â£43.54;Â£0.00
The Omnivore's Dilemma: A Natural History of Four Meals;Â£38.21;In stock;2;Â£38.21;Â£38.21;Â£0.00
The Nerdy Nummies Cookbook: Sweet Treats for the Geek in All of Us;Â£37.34;In stock;5;Â£37.34;Â£37.34;Â£0.00
The Murder of Roger Ackroyd (Hercule Poirot #4);Â£44.10;In stock;4;Â£44.10;Â£44.10;Â£0.00
The Mistake (Off-Campus #2);Â£43.29;In stock;3;Â£43.29;Â£43.29;Â£0.00
The Matchmaker's Playbook (Wingmen Inc. #1);Â£55.85;In stock;1;Â£55.85;Â£55.85;Â£0.00
The Love and Lemons Cookbook: An Apple-to-Zucchini Celebration of Impromptu Cooking;Â£37.60;In stock;2;Â£37.60;Â£37.60;Â£0.00
The Long Shadow of Small Ghosts: Murder and Memory in an American City;Â£10.97;In stock;1;Â£10.97;Â£10.97;Â£0.00
The Kite Runner;Â£41.82;In stock;4;Â£41.82;Â£41.82;Â£0.00
The House by the Lake;Â£36.95;In stock;1;Â£36.95;Â£36.95;Â£0.00
The Glittering Court (The Glittering Court #1);Â£44.28;In stock;1;Â£44.28;Â£44.28;Â£0.00
The Girl on the Train;Â£55.02;In stock;2;Â£55.02;Â£55.02;Â£0.00
The Genius of Birds;Â£17.24;In stock;1;Â£17.24;Â£17.24;Â£0.00
The Emerald Mystery;Â£23.15;In stock;2;Â£23.15;Â£23.15;Â£0.00
The Cookies & Cups Cookbook: 125+ sweet & savory recipes reminding you to Always Eat Dessert First;Â£41.25;In stock;1;Â£41.25;Â£41.25;Â£0.00
The Bridge to Consciousness: I'm Writing the Bridge Between Science and Our Old and New Beliefs.;Â£32.00;In stock;3;Â£32.00;Â£32.00;Â£0.00
The Artist's Way: A Spiritual Path to Higher Creativity;Â£38.49;In stock;5;Â£38.49;Â£38.49;Â£0.00
The Art of War;Â£33.34;In stock;5;Â£33.34;Â£33.34;Â£0.00
The Argonauts;Â£10.93;In stock;2;Â£10.93;Â£10.93;Â£0.00
The 10% Entrepreneur: Live Your Startup Dream Without Quitting Your Day Job;Â£27.55;In stock;3;Â£27.55;Â£27.55;Â£0.00
Suddenly in Love (Lake Haven #1);Â£55.99;In stock;2;Â£55.99;Â£55.99;Â£0.00
Something More Than This;Â£16.24;In stock;4;Â£16.24;Â£16.24;Â£0.00
Soft Apocalypse;Â£26.12;In stock;2;Â£26.12;Â£26.12;Â£0.00
So You've Been Publicly Shamed;Â£12.23;In stock;2;Â£12.23;Â£12.23;Â£0.00
Shoe Dog: A Memoir by the Creator of NIKE;Â£23.99;In stock;2;Â£23.99;Â£23.99;Â£0.00
Shobu Samurai, Project Aryoku (#3);Â£29.06;In stock;3;Â£29.06;Â£29.06;Â£0.00
Secrets and Lace (Fatal Hearts #1);Â£20.27;In stock;1;Â£20.27;Â£20.27;Â£0.00
Scarlett Epstein Hates It Here;Â£43.55;In stock;5;Â£43.55;Â£43.55;Â£0.00
Romero and Juliet: A Tragic Tale of Love and Zombies;Â£36.94;In stock;1;Â£36.94;Â£36.94;Â£0.00
Redeeming Love;Â£20.47;In stock;5;Â£20.47;Â£20.47;Â£0.00
Poses for Artists Volume 1 - Dynamic and Sitting Poses: An Essential Reference for Figure Drawing and the Human Form;Â£41.06;In stock;1;Â£41.06;Â£41.06;Â£0.00
Poems That Make Grown Women Cry;Â£14.19;In stock;4;Â£14.19;Â£14.19;Â£0.00
Nightingale, Sing;Â£38.28;In stock;1;Â£38.28;Â£38.28;Â£0.00
Night Sky with Exit Wounds;Â£41.05;In stock;1;Â£41.05;Â£41.05;Â£0.00
Mrs. Houdini;Â£30.25;In stock;5;Â£30.25;Â£30.25;Â£0.00
Modern Romance;Â£28.26;In stock;5;Â£28.26;Â£28.26;Â£0.00
Miss Peregrineâs Home for Peculiar Children (Miss Peregrineâs Peculiar Children #1);Â£10.76;In stock;1;Â£10.76;Â£10.76;Â£0.00
Louisa: The Extraordinary Life of Mrs. Adams;Â£16.85;In stock;2;Â£16.85;Â£16.85;Â£0.00
Little Red;Â£13.47;In stock;3;Â£13.47;Â£13.47;Â£0.00
Library of Souls (Miss Peregrineâs Peculiar Children #3);Â£48.56;In stock;5;Â£48.56;Â£48.56;Â£0.00
Large Print Heart of the Pride;Â£19.15;In stock;2;Â£19.15;Â£19.15;Â£0.00
I Had a Nice Time And Other Lies...: How to find love & sh*t like that;Â£57.36;In stock;4;Â£57.36;Â£57.36;Â£0.00
Hollow City (Miss Peregrineâs Peculiar Children #2);Â£42.98;In stock;1;Â£42.98;Â£42.98;Â£0.00
Grumbles;Â£22.16;In stock;2;Â£22.16;Â£22.16;Â£0.00
Full Moon over Noahâs Ark: An Odyssey to Mount Ararat and Beyond;Â£49.43;In stock;4;Â£49.43;Â£49.43;Â£0.00
Frostbite (Vampire Academy #2);Â£29.99;In stock;5;Â£29.99;Â£29.99;Â£0.00
Follow You Home;Â£21.36;In stock;1;Â£21.36;Â£21.36;Â£0.00
First Steps for New Christians (Print Edition);Â£29.00;In stock;1;Â£29.00;Â£29.00;Â£0.00
Finders Keepers (Bill Hodges Trilogy #2);Â£53.53;In stock;5;Â£53.53;Â£53.53;Â£0.00
Fables, Vol. 1: Legends in Exile (Fables #1);Â£41.62;In stock;4;Â£41.62;Â£41.62;Â£0.00
Eureka Trivia 6.0;Â£54.59;In stock;4;Â£54.59;Â£54.59;Â£0.00
Drive: The Surprising Truth About What Motivates Us;Â£34.95;In stock;4;Â£34.95;Â£34.95;Â£0.00
Done Rubbed Out (Reightman & Bailey #1);Â£37.72;In stock;5;Â£37.72;Â£37.72;Â£0.00
Doing It Over (Most Likely To #1);Â£35.61;In stock;3;Â£35.61;Â£35.61;Â£0.00
Deliciously Ella Every Day: Quick and Easy Recipes for Gluten-Free Snacks, Packed Lunches, and Simple Meals;Â£42.16;In stock;3;Â£42.16;Â£42.16;Â£0.00
Dark Notes;Â£19.19;In stock;5;Â£19.19;Â£19.19;Â£0.00
Daring Greatly: How the Courage to Be Vulnerable Transforms the Way We Live, Love, Parent, and Lead;Â£19.43;In stock;3;Â£19.43;Â£19.43;Â£0.00
Close to You;Â£49.46;In stock;4;Â£49.46;Â£49.46;Â£0.00
Chasing Heaven: What Dying Taught Me About Living;Â£37.80;In stock;2;Â£37.80;Â£37.80;Â£0.00
Big Magic: Creative Living Beyond Fear;Â£30.80;In stock;3;Â£30.80;Â£30.80;Â£0.00
Becoming Wise: An Inquiry into the Mystery and Art of Living;Â£27.43;In stock;2;Â£27.43;Â£27.43;Â£0.00
Beauty Restored (Riley Family Legacy Novellas #3);Â£11.11;In stock;2;Â£11.11;Â£11.11;Â£0.00
Batman: The Long Halloween (Batman);Â£36.50;In stock;2;Â£36.50;Â£36.50;Â£0.00
Batman: The Dark Knight Returns (Batman);Â£15.38;In stock;5;Â£15.38;Â£15.38;Â£0.00
Ayumi's Violin;Â£15.48;In stock;2;Â£15.48;Â£15.48;Â£0.00
Anonymous;Â£46.82;In stock;4;Â£46.82;Â£46.82;Â£0.00
Amy Meets the Saints and Sages;Â£18.46;In stock;3;Â£18.46;Â£18.46;Â£0.00
Amid the Chaos;Â£36.58;In stock;1;Â£36.58;Â£36.58;Â£0.00
Amatus;Â£50.54;In stock;5;Â£50.54;Â£50.54;Â£0.00
Agnostic: A Spirited Manifesto;Â£12.51;In stock;5;Â£12.51;Â£12.51;Â£0.00
Zealot: The Life and Times of Jesus of Nazareth;Â£24.70;In stock;3;Â£24.70;Â£24.70;Â£0.00
You (You #1);Â£43.61;In stock;5;Â£43.61;Â£43.61;Â£0.00
Wonder Woman: Earth One, Volume One (Wonder Woman: Earth One #1);Â£37.34;In stock;4;Â£37.34;Â£37.34;Â£0.00
Wild Swans;Â£14.36;In stock;2;Â£14.36;Â£14.36;Â£0.00
Why the Right Went Wrong: Conservatism--From Goldwater to the Tea Party and Beyond;Â£52.65;In stock;4;Â£52.65;Â£52.65;Â£0.00
Whole Lotta Creativity Going On: 60 Fun and Unusual Exercises to Awaken and Strengthen Your Creativity;Â£38.20;In stock;4;Â£38.20;Â£38.20;Â£0.00
What's It Like in Space?: Stories from Astronauts Who've Been There;Â£19.60;In stock;2;Â£19.60;Â£19.60;Â£0.00
We Are Robin, Vol. 1: The Vigilante Business (We Are Robin #1);Â£53.90;In stock;1;Â£53.90;Â£53.90;Â£0.00
Walt Disney's Alice in Wonderland;Â£12.96;In stock;5;Â£12.96;Â£12.96;Â£0.00
V for Vendetta (V for Vendetta Complete);Â£37.10;In stock;4;Â£37.10;Â£37.10;Â£0.00
Until Friday Night (The Field Party #1);Â£46.31;In stock;2;Â£46.31;Â£46.31;Â£0.00
Unbroken: A World War II Story of Survival, Resilience, and Redemption;Â£45.95;In stock;2;Â£45.95;Â£45.95;Â£0.00
Twenty Yawns;Â£22.08;In stock;2;Â£22.08;Â£22.08;Â£0.00
Through the Woods;Â£25.38;In stock;2;Â£25.38;Â£25.38;Â£0.00
This Is Where It Ends;Â£27.12;In stock;2;Â£27.12;Â£27.12;Â£0.00
The Year of Magical Thinking;Â£43.04;In stock;2;Â£43.04;Â£43.04;Â£0.00
The Wright Brothers;Â£56.80;In stock;4;Â£56.80;Â£56.80;Â£0.00
The White Queen (The Cousins' War #1);Â£25.91;In stock;5;Â£25.91;Â£25.91;Â£0.00
The Wedding Pact (The O'Malleys #2);Â£32.61;In stock;3;Â£32.61;Â£32.61;Â£0.00
The Time Keeper;Â£27.88;In stock;5;Â£27.88;Â£27.88;Â£0.00
The Testament of Mary;Â£52.67;In stock;4;Â£52.67;Â£52.67;Â£0.00
The Star-Touched Queen;Â£46.02;In stock;5;Â£46.02;Â£46.02;Â£0.00
The Songs of the Gods;Â£44.48;In stock;5;Â£44.48;Â£44.48;Â£0.00
The Song of Achilles;Â£37.40;In stock;5;Â£37.40;Â£37.40;Â£0.00
The Rosie Project (Don Tillman #1);Â£54.04;In stock;1;Â£54.04;Â£54.04;Â£0.00
The Power of Habit: Why We Do What We Do in Life and Business;Â£16.88;In stock;3;Â£16.88;Â£16.88;Â£0.00
The Marriage of Opposites;Â£28.08;In stock;4;Â£28.08;Â£28.08;Â£0.00
The Lucifer Effect: Understanding How Good People Turn Evil;Â£10.40;In stock;1;Â£10.40;Â£10.40;Â£0.00
The Long Haul (Diary of a Wimpy Kid #9);Â£44.07;In stock;1;Â£44.07;Â£44.07;Â£0.00
The Loney;Â£23.40;In stock;1;Â£23.40;Â£23.40;Â£0.00
The Literature Book (Big Ideas Simply Explained);Â£17.43;In stock;3;Â£17.43;Â£17.43;Â£0.00
The Last Mile (Amos Decker #2);Â£54.21;In stock;2;Â£54.21;Â£54.21;Â£0.00
The Immortal Life of Henrietta Lacks;Â£40.67;In stock;2;Â£40.67;Â£40.67;Â£0.00
The Hidden Oracle (The Trials of Apollo #1);Â£52.26;In stock;2;Â£52.26;Â£52.26;Â£0.00
The Help Yourself Cookbook for Kids: 60 Easy Plant-Based Recipes Kids Can Make to Stay Healthy and Save the Earth;Â£28.77;In stock;3;Â£28.77;Â£28.77;Â£0.00
The Guilty (Will Robie #4);Â£13.82;In stock;2;Â£13.82;Â£13.82;Â£0.00
The First Hostage (J.B. Collins #2);Â£25.85;In stock;3;Â£25.85;Â£25.85;Â£0.00
The Dovekeepers;Â£48.78;In stock;1;Â£48.78;Â£48.78;Â£0.00
The Darkest Lie;Â£35.35;In stock;5;Â£35.35;Â£35.35;Â£0.00
The Bane Chronicles (The Bane Chronicles #1-11);Â£44.73;In stock;4;Â£44.73;Â£44.73;Â£0.00
The Bad-Ass Librarians of Timbuktu: And Their Race to Save the Worldâs Most Precious Manuscripts;Â£15.77;In stock;1;Â£15.77;Â£15.77;Â£0.00
The 14th Colony (Cotton Malone #11);Â£39.24;In stock;1;Â£39.24;Â£39.24;Â£0.00
That Darkness (Gardiner and Renner #1);Â£13.92;In stock;1;Â£13.92;Â£13.92;Â£0.00
Tastes Like Fear (DI Marnie Rome #3);Â£10.69;In stock;1;Â£10.69;Â£10.69;Â£0.00
Take Me with You;Â£45.21;In stock;3;Â£45.21;Â£45.21;Â£0.00
Swell: A Year of Waves;Â£45.58;In stock;1;Â£45.58;Â£45.58;Â£0.00
Superman Vol. 1: Before Truth (Superman by Gene Luen Yang #1);Â£11.89;In stock;5;Â£11.89;Â£11.89;Â£0.00
Still Life with Bread Crumbs;Â£26.41;In stock;3;Â£26.41;Â£26.41;Â£0.00
Steve Jobs;Â£39.50;In stock;5;Â£39.50;Â£39.50;Â£0.00
Sorting the Beef from the Bull: The Science of Food Fraud Forensics;Â£44.74;In stock;4;Â£44.74;Â£44.74;Â£0.00
Someone Like You (The Harrisons #2);Â£52.79;In stock;5;Â£52.79;Â£52.79;Â£0.00
So Cute It Hurts!!, Vol. 6 (So Cute It Hurts!! #6);Â£35.43;In stock;4;Â£35.43;Â£35.43;Â£0.00
Shtum;Â£55.84;In stock;4;Â£55.84;Â£55.84;Â£0.00
See America: A Celebration of Our National Parks & Treasured Sites;Â£48.87;In stock;3;Â£48.87;Â£48.87;Â£0.00
salt.;Â£46.78;In stock;4;Â£46.78;Â£46.78;Â£0.00
Robin War;Â£47.82;In stock;3;Â£47.82;Â£47.82;Â£0.00
Red Hood/Arsenal, Vol. 1: Open for Business (Red Hood/Arsenal #1);Â£25.48;In stock;2;Â£25.48;Â£25.48;Â£0.00
Rain Fish;Â£23.57;In stock;3;Â£23.57;Â£23.57;Â£0.00
Quarter Life Poetry: Poems for the Young, Broke and Hangry;Â£50.89;In stock;5;Â£50.89;Â£50.89;Â£0.00
Pet Sematary;Â£10.56;In stock;3;Â£10.56;Â£10.56;Â£0.00
Overload: How to Unplug, Unwind, and Unleash Yourself from the Pressure of Stress;Â£52.15;In stock;3;Â£52.15;Â£52.15;Â£0.00
Once Was a Time;Â£18.28;In stock;2;Â£18.28;Â£18.28;Â£0.00
Old School (Diary of a Wimpy Kid #10);Â£11.83;In stock;5;Â£11.83;Â£11.83;Â£0.00
No Dream Is Too High: Life Lessons From a Man Who Walked on the Moon;Â£21.95;In stock;2;Â£21.95;Â£21.95;Â£0.00
Naruto (3-in-1 Edition), Vol. 14: Includes Vols. 40, 41 & 42 (Naruto: Omnibus #14);Â£38.39;In stock;2;Â£38.39;Â£38.39;Â£0.00
My Name Is Lucy Barton;Â£41.56;In stock;1;Â£41.56;Â£41.56;Â£0.00
My Mrs. Brown;Â£24.48;In stock;3;Â£24.48;Â£24.48;Â£0.00
My Kind of Crazy;Â£40.36;In stock;1;Â£40.36;Â£40.36;Â£0.00
Mr. Mercedes (Bill Hodges Trilogy #1);Â£28.90;In stock;1;Â£28.90;Â£28.90;Â£0.00
More Than Music (Chasing the Dream #1);Â£37.61;In stock;2;Â£37.61;Â£37.61;Â£0.00
Made to Stick: Why Some Ideas Survive and Others Die;Â£38.85;In stock;5;Â£38.85;Â£38.85;Â£0.00
Luis Paints the World;Â£53.95;In stock;3;Â£53.95;Â£53.95;Â£0.00
Luckiest Girl Alive;Â£49.83;In stock;3;Â£49.83;Â£49.83;Â£0.00
Lowriders to the Center of the Earth (Lowriders in Space #2);Â£51.51;In stock;2;Â£51.51;Â£51.51;Â£0.00
Love Is a Mix Tape (Music #1);Â£18.03;In stock;1;Â£18.03;Â£18.03;Â£0.00
Looking for Lovely: Collecting the Moments that Matter;Â£29.14;In stock;5;Â£29.14;Â£29.14;Â£0.00
Living Leadership by Insight: A Good Leader Achieves, a Great Leader Builds Monuments;Â£46.91;In stock;4;Â£46.91;Â£46.91;Â£0.00
Let It Out: A Journey Through Journaling;Â£26.79;In stock;5;Â£26.79;Â£26.79;Â£0.00
Lady Midnight (The Dark Artifices #1);Â£16.28;In stock;5;Â£16.28;Â£16.28;Â£0.00
It's All Easy: Healthy, Delicious Weeknight Meals in under 30 Minutes;Â£19.55;In stock;1;Â£19.55;Â£19.55;Â£0.00
Island of Dragons (Unwanteds #7);Â£29.65;In stock;1;Â£29.65;Â£29.65;Â£0.00
I Know What I'm Doing -- and Other Lies I Tell Myself: Dispatches from a Life Under Construction;Â£25.98;In stock;4;Â£25.98;Â£25.98;Â£0.00
I Am Pilgrim (Pilgrim #1);Â£10.60;In stock;4;Â£10.60;Â£10.60;Â£0.00
Hyperbole and a Half: Unfortunate Situations, Flawed Coping Mechanisms, Mayhem, and Other Things That Happened;Â£14.75;In stock;5;Â£14.75;Â£14.75;Â£0.00
Hush, Hush (Hush, Hush #1);Â£47.02;In stock;3;Â£47.02;Â£47.02;Â£0.00
Hold Your Breath (Search and Rescue #1);Â£28.82;In stock;1;Â£28.82;Â£28.82;Â£0.00
Hamilton: The Revolution;Â£58.79;In stock;3;Â£58.79;Â£58.79;Â£0.00
Greek Mythic History;Â£10.23;In stock;5;Â£10.23;Â£10.23;Â£0.00
God: The Most Unpleasant Character in All Fiction;Â£30.03;In stock;5;Â£30.03;Â£30.03;Â£0.00
Glory over Everything: Beyond The Kitchen House;Â£45.84;In stock;3;Â£45.84;Â£45.84;Â£0.00
Feathers: Displays of Brilliant Plumage;Â£49.05;In stock;3;Â£49.05;Â£49.05;Â£0.00
Far & Away: Places on the Brink of Change: Seven Continents, Twenty-Five Years;Â£15.06;In stock;4;Â£15.06;Â£15.06;Â£0.00
Every Last Word;Â£46.47;In stock;3;Â£46.47;Â£46.47;Â£0.00
Eligible (The Austen Project #4);Â£27.09;In stock;3;Â£27.09;Â£27.09;Â£0.00
El Deafo;Â£57.62;In stock;5;Â£57.62;Â£57.62;Â£0.00
Eight Hundred Grapes;Â£14.39;In stock;4;Â£14.39;Â£14.39;Â£0.00
Eaternity: More than 150 Deliciously Easy Vegan Recipes for a Long, Healthy, Satisfied, Joyful Life;Â£51.75;In stock;5;Â£51.75;Â£51.75;Â£0.00
Eat Fat, Get Thin;Â£54.07;In stock;2;Â£54.07;Â£54.07;Â£0.00
Don't Get Caught;Â£55.35;In stock;1;Â£55.35;Â£55.35;Â£0.00
Doctor Sleep (The Shining #2);Â£40.12;In stock;2;Â£40.12;Â£40.12;Â£0.00
Demigods & Magicians: Percy and Annabeth Meet the Kanes (Percy Jackson & Kane Chronicles Crossover #1-3);Â£37.51;In stock;5;Â£37.51;Â£37.51;Â£0.00
Dear Mr. Knightley;Â£11.21;In stock;5;Â£11.21;Â£11.21;Â£0.00
Daily Fantasy Sports;Â£36.58;In stock;1;Â£36.58;Â£36.58;Â£0.00
Crazy Love: Overwhelmed by a Relentless God;Â£47.72;In stock;2;Â£47.72;Â£47.72;Â£0.00
Cometh the Hour (The Clifton Chronicles #6);Â£25.01;In stock;3;Â£25.01;Â£25.01;Â£0.00
Code Name Verity (Code Name Verity #1);Â£22.13;In stock;4;Â£22.13;Â£22.13;Â£0.00
Clockwork Angel (The Infernal Devices #1);Â£44.14;In stock;1;Â£44.14;Â£44.14;Â£0.00
City of Glass (The Mortal Instruments #3);Â£56.02;In stock;4;Â£56.02;Â£56.02;Â£0.00
City of Fallen Angels (The Mortal Instruments #4);Â£11.23;In stock;4;Â£11.23;Â£11.23;Â£0.00
City of Bones (The Mortal Instruments #1);Â£43.28;In stock;1;Â£43.28;Â£43.28;Â£0.00
City of Ashes (The Mortal Instruments #2);Â£47.27;In stock;1;Â£47.27;Â£47.27;Â£0.00
Cell;Â£20.29;In stock;4;Â£20.29;Â£20.29;Â£0.00
Catching Jordan (Hundred Oaks);Â£50.83;In stock;3;Â£50.83;Â£50.83;Â£0.00
Carry On, Warrior: Thoughts on Life Unarmed;Â£31.85;In stock;3;Â£31.85;Â£31.85;Â£0.00
Carrie;Â£46.23;In stock;2;Â£46.23;Â£46.23;Â£0.00
Buying In: The Secret Dialogue Between What We Buy and Who We Are;Â£37.80;In stock;4;Â£37.80;Â£37.80;Â£0.00
Brain on Fire: My Month of Madness;Â£49.32;In stock;5;Â£49.32;Â£49.32;Â£0.00
Batman: Europa;Â£32.01;In stock;2;Â£32.01;Â£32.01;Â£0.00
Barefoot Contessa Back to Basics;Â£28.01;In stock;1;Â£28.01;Â£28.01;Â£0.00
Barefoot Contessa at Home: Everyday Recipes You'll Make Over and Over Again;Â£50.62;In stock;5;Â£50.62;Â£50.62;Â£0.00
Balloon Animals;Â£17.03;In stock;3;Â£17.03;Â£17.03;Â£0.00
Art Ops Vol. 1;Â£48.80;In stock;3;Â£48.80;Â£48.80;Â£0.00
Aristotle and Dante Discover the Secrets of the Universe (Aristotle and Dante Discover the Secrets of the Universe #1);Â£58.14;In stock;4;Â£58.14;Â£58.14;Â£0.00
Angels Walking (Angels Walking #1);Â£34.20;In stock;2;Â£34.20;Â£34.20;Â£0.00
Angels & Demons (Robert Langdon #1);Â£51.48;In stock;3;Â£51.48;Â£51.48;Â£0.00
All the Light We Cannot See;Â£29.87;In stock;5;Â£29.87;Â£29.87;Â£0.00
"Adulthood Is a Myth: A ""Sarah's Scribbles"" Collection";Â£10.90;In stock;2;Â£10.90;Â£10.90;Â£0.00
Abstract City;Â£56.37;In stock;5;Â£56.37;Â£56.37;Â£0.00
A Time of Torment (Charlie Parker #14);Â£48.35;In stock;5;Â£48.35;Â£48.35;Â£0.00
A Study in Scarlet (Sherlock Holmes #1);Â£16.73;In stock;2;Â£16.73;Â£16.73;Â£0.00
A Series of Catastrophes and Miracles: A True Story of Love, Science, and Cancer;Â£56.48;In stock;2;Â£56.48;Â£56.48;Â£0.00
A People's History of the United States;Â£40.79;In stock;2;Â£40.79;Â£40.79;Â£0.00
A Man Called Ove;Â£39.72;In stock;1;Â£39.72;Â£39.72;Â£0.00
A Distant Mirror: The Calamitous 14th Century;Â£14.58;In stock;3;Â£14.58;Â£14.58;Â£0.00
A Brush of Wings (Angels Walking #3);Â£55.51;In stock;1;Â£55.51;Â£55.51;Â£0.00
1491: New Revelations of the Americas Before Columbus;Â£21.80;In stock;3;Â£21.80;Â£21.80;Â£0.00
The Three Searches, Meaning, and the Story;Â£13.33;In stock;3;Â£13.33;Â£13.33;Â£0.00
Searching for Meaning in Gailana;Â£38.73;In stock;1;Â£38.73;Â£38.73;Â£0.00
Rook;Â£37.86;In stock;4;Â£37.86;Â£37.86;Â£0.00
My Kitchen Year: 136 Recipes That Saved My Life;Â£11.53;In stock;2;Â£11.53;Â£11.53;Â£0.00
13 Hours: The Inside Account of What Really Happened In Benghazi;Â£27.06;In stock;1;Â£27.06;Â£27.06;Â£0.00
Will You Won't You Want Me?;Â£13.86;In stock;3;Â£13.86;Â£13.86;Â£0.00
Tipping Point for Planet Earth: How Close Are We to the Edge?;Â£37.55;In stock;1;Â£37.55;Â£37.55;Â£0.00
The Star-Touched Queen;Â£32.30;In stock;5;Â£32.30;Â£32.30;Â£0.00
The Silent Sister (Riley MacPherson #1);Â£46.29;In stock;5;Â£46.29;Â£46.29;Â£0.00
The Midnight Watch: A Novel of the Titanic and the Californian;Â£26.20;In stock;1;Â£26.20;Â£26.20;Â£0.00
The Lonely City: Adventures in the Art of Being Alone;Â£33.26;In stock;2;Â£33.26;Â£33.26;Â£0.00
The Gray Rhino: How to Recognize and Act on the Obvious Dangers We Ignore;Â£59.15;In stock;4;Â£59.15;Â£59.15;Â£0.00
The Golden Condom: And Other Essays on Love Lost and Found;Â£39.43;In stock;1;Â£39.43;Â£39.43;Â£0.00
The Epidemic (The Program 0.6);Â£14.44;In stock;5;Â£14.44;Â£14.44;Â£0.00
The Dinner Party;Â£56.54;In stock;2;Â£56.54;Â£56.54;Â£0.00
The Diary of a Young Girl;Â£59.90;In stock;3;Â£59.90;Â£59.90;Â£0.00
The Children;Â£11.88;In stock;3;Â£11.88;Â£11.88;Â£0.00
Stars Above (The Lunar Chronicles #4.5);Â£48.05;In stock;2;Â£48.05;Â£48.05;Â£0.00
Snatched: How A Drug Queen Went Undercover for the DEA and Was Kidnapped By Colombian Guerillas;Â£21.21;In stock;3;Â£21.21;Â£21.21;Â£0.00
Raspberry Pi Electronics Projects for the Evil Genius;Â£49.67;In stock;4;Â£49.67;Â£49.67;Â£0.00
Quench Your Own Thirst: Business Lessons Learned Over a Beer or Two;Â£43.14;In stock;1;Â£43.14;Â£43.14;Â£0.00
Psycho: Sanitarium (Psycho #1.5);Â£36.97;In stock;5;Â£36.97;Â£36.97;Â£0.00
Poisonous (Max Revere Novels #3);Â£26.80;In stock;3;Â£26.80;Â£26.80;Â£0.00
One with You (Crossfire #5);Â£15.71;In stock;4;Â£15.71;Â£15.71;Â£0.00
No Love Allowed (Dodge Cove #1);Â£54.65;In stock;4;Â£54.65;Â£54.65;Â£0.00
Murder at the 42nd Street Library (Raymond Ambler #1);Â£54.36;In stock;4;Â£54.36;Â£54.36;Â£0.00
Most Wanted;Â£35.28;In stock;3;Â£35.28;Â£35.28;Â£0.00
Love, Lies and Spies;Â£20.55;In stock;2;Â£20.55;Â£20.55;Â£0.00
How to Speak Golf: An Illustrated Guide to Links Lingo;Â£58.32;In stock;5;Â£58.32;Â£58.32;Â£0.00
Hide Away (Eve Duncan #20);Â£11.84;In stock;1;Â£11.84;Â£11.84;Â£0.00
Furiously Happy: A Funny Book About Horrible Things;Â£41.46;In stock;4;Â£41.46;Â£41.46;Â£0.00
Everyday Italian: 125 Simple and Delicious Recipes;Â£20.10;In stock;5;Â£20.10;Â£20.10;Â£0.00
Equal Is Unfair: America's Misguided Fight Against Income Inequality;Â£56.86;In stock;1;Â£56.86;Â£56.86;Â£0.00
Eleanor & Park;Â£56.51;In stock;5;Â£56.51;Â£56.51;Â£0.00
Dirty (Dive Bar #1);Â£40.83;In stock;4;Â£40.83;Â£40.83;Â£0.00
Can You Keep a Secret? (Fear Street Relaunch #4);Â£48.64;In stock;1;Â£48.64;Â£48.64;Â£0.00
Boar Island (Anna Pigeon #19);Â£59.48;In stock;3;Â£59.48;Â£59.48;Â£0.00
A Paris Apartment;Â£39.01;In stock;4;Â£39.01;Â£39.01;Â£0.00
A la Mode: 120 Recipes in 60 Pairings: Pies, Tarts, Cakes, Crisps, and More Topped with Ice Cream, Gelato, Frozen Custard, and More;Â£38.77;In stock;1;Â£38.77;Â£38.77;Â£0.00
Troublemaker: Surviving Hollywood and Scientology;Â£48.39;In stock;2;Â£48.39;Â£48.39;Â£0.00
The Widow;Â£27.26;In stock;2;Â£27.26;Â£27.26;Â£0.00
The Sleep Revolution: Transforming Your Life, One Night at a Time;Â£11.68;In stock;4;Â£11.68;Â£11.68;Â£0.00
The Improbability of Love;Â£59.45;In stock;1;Â£59.45;Â£59.45;Â£0.00
The Art of Startup Fundraising;Â£21.00;In stock;3;Â£21.00;Â£21.00;Â£0.00
Take Me Home Tonight (Rock Star Romance #3);Â£53.98;In stock;3;Â£53.98;Â£53.98;Â£0.00
Sleeping Giants (Themis Files #1);Â£48.74;In stock;1;Â£48.74;Â£48.74;Â£0.00
Setting the World on Fire: The Brief, Astonishing Life of St. Catherine of Siena;Â£21.15;In stock;2;Â£21.15;Â£21.15;Â£0.00
Playing with Fire;Â£13.71;In stock;3;Â£13.71;Â£13.71;Â£0.00
Off the Hook (Fishing for Trouble #1);Â£47.67;In stock;3;Â£47.67;Â£47.67;Â£0.00
Mothering Sunday;Â£13.34;In stock;2;Â£13.34;Â£13.34;Â£0.00
Mother, Can You Not?;Â£16.89;In stock;5;Â£16.89;Â£16.89;Â£0.00
M Train;Â£27.18;In stock;1;Â£27.18;Â£27.18;Â£0.00
Lilac Girls;Â£17.28;In stock;2;Â£17.28;Â£17.28;Â£0.00
Lies and Other Acts of Love;Â£45.14;In stock;1;Â£45.14;Â£45.14;Â£0.00
Lab Girl;Â£40.85;In stock;1;Â£40.85;Â£40.85;Â£0.00
Keep Me Posted;Â£20.46;In stock;4;Â£20.46;Â£20.46;Â£0.00
It Didn't Start with You: How Inherited Family Trauma Shapes Who We Are and How to End the Cycle;Â£56.27;In stock;3;Â£56.27;Â£56.27;Â£0.00
Grey (Fifty Shades #4);Â£48.49;In stock;4;Â£48.49;Â£48.49;Â£0.00
Exit, Pursued by a Bear;Â£51.34;In stock;4;Â£51.34;Â£51.34;Â£0.00
Daredevils;Â£16.34;In stock;3;Â£16.34;Â£16.34;Â£0.00
Cravings: Recipes for What You Want to Eat;Â£20.50;In stock;3;Â£20.50;Â£20.50;Â£0.00
Born for This: How to Find the Work You Were Meant to Do;Â£21.59;In stock;5;Â£21.59;Â£21.59;Â£0.00
Arena;Â£21.36;In stock;4;Â£21.36;Â£21.36;Â£0.00
Adultery;Â£20.88;In stock;5;Â£20.88;Â£20.88;Â£0.00
A Mother's Reckoning: Living in the Aftermath of Tragedy;Â£19.53;In stock;3;Â£19.53;Â£19.53;Â£0.00
A Gentleman's Position (Society of Gentlemen #3);Â£14.75;In stock;5;Â£14.75;Â£14.75;Â£0.00
11/22/63;Â£48.48;In stock;3;Â£48.48;Â£48.48;Â£0.00
10% Happier: How I Tamed the Voice in My Head, Reduced Stress Without Losing My Edge, and Found Self-Help That Actually Works;Â£24.57;In stock;2;Â£24.57;Â£24.57;Â£0.00
10-Day Green Smoothie Cleanse: Lose Up to 15 Pounds in 10 Days!;Â£49.71;In stock;5;Â£49.71;Â£49.71;Â£0.00
Without Shame;Â£48.27;In stock;5;Â£48.27;Â£48.27;Â£0.00
Watchmen;Â£58.05;In stock;4;Â£58.05;Â£58.05;Â£0.00
Unlimited Intuition Now;Â£58.87;In stock;4;Â£58.87;Â£58.87;Â£0.00
Underlying Notes;Â£11.82;In stock;2;Â£11.82;Â£11.82;Â£0.00
The Shack;Â£28.03;In stock;1;Â£28.03;Â£28.03;Â£0.00
The New Brand You: Your New Image Makes the Sale for You;Â£44.05;In stock;5;Â£44.05;Â£44.05;Â£0.00
The Moosewood Cookbook: Recipes from Moosewood Restaurant, Ithaca, New York;Â£12.34;In stock;4;Â£12.34;Â£12.34;Â£0.00
The Flowers Lied;Â£16.68;In stock;2;Â£16.68;Â£16.68;Â£0.00
The Fabric of the Cosmos: Space, Time, and the Texture of Reality;Â£55.91;In stock;1;Â£55.91;Â£55.91;Â£0.00
The Book of Mormon;Â£24.57;In stock;3;Â£24.57;Â£24.57;Â£0.00
The Art and Science of Low Carbohydrate Living;Â£52.98;In stock;5;Â£52.98;Â£52.98;Â£0.00
The Alien Club;Â£54.40;In stock;1;Â£54.40;Â£54.40;Â£0.00
Suzie Snowflake: One beautiful flake (a self-esteem story);Â£54.81;In stock;5;Â£54.81;Â£54.81;Â£0.00
Nap-a-Roo;Â£25.08;In stock;1;Â£25.08;Â£25.08;Â£0.00
NaNo What Now? Finding your editing process, revising your NaNoWriMo book and building a writing career through publishing and beyond;Â£10.41;In stock;4;Â£10.41;Â£10.41;Â£0.00
Modern Day Fables;Â£47.44;In stock;2;Â£47.44;Â£47.44;Â£0.00
If I Gave You God's Phone Number....: Searching for Spirituality in America;Â£20.91;In stock;1;Â£20.91;Â£20.91;Â£0.00
Fruits Basket, Vol. 9 (Fruits Basket #9);Â£33.95;In stock;4;Â£33.95;Â£33.95;Â£0.00
Dress Your Family in Corduroy and Denim;Â£43.68;In stock;3;Â£43.68;Â£43.68;Â£0.00
Don't Forget Steven;Â£33.23;In stock;1;Â£33.23;Â£33.23;Â£0.00
Chernobyl 01:23:40: The Incredible True Story of the World's Worst Nuclear Disaster;Â£35.92;In stock;2;Â£35.92;Â£35.92;Â£0.00
Art and Fear: Observations on the Perils (and Rewards) of Artmaking;Â£48.63;In stock;4;Â£48.63;Â£48.63;Â£0.00
A Shard of Ice (The Black Symphony Saga #1);Â£56.63;In stock;3;Â£56.63;Â£56.63;Â£0.00
A Hero's Curse (The Unseen Chronicles #1);Â£50.49;In stock;3;Â£50.49;Â£50.49;Â£0.00
23 Degrees South: A Tropical Tale of Changing Whether...;Â£35.79;In stock;2;Â£35.79;Â£35.79;Â£0.00
Zero to One: Notes on Startups, or How to Build the Future;Â£34.06;In stock;3;Â£34.06;Â£34.06;Â£0.00
Why Not Me?;Â£17.76;In stock;1;Â£17.76;Â£17.76;Â£0.00
When Breath Becomes Air;Â£39.36;In stock;2;Â£39.36;Â£39.36;Â£0.00
Vagabonding: An Uncommon Guide to the Art of Long-Term World Travel;Â£36.94;In stock;2;Â£36.94;Â£36.94;Â£0.00
The Unlikely Pilgrimage of Harold Fry (Harold Fry #1);Â£43.62;In stock;5;Â£43.62;Â£43.62;Â£0.00
The New Drawing on the Right Side of the Brain;Â£43.02;In stock;3;Â£43.02;Â£43.02;Â£0.00
The Midnight Assassin: Panic, Scandal, and the Hunt for America's First Serial Killer;Â£28.45;In stock;4;Â£28.45;Â£28.45;Â£0.00
The Martian (The Martian #1);Â£41.39;In stock;2;Â£41.39;Â£41.39;Â£0.00
The High Mountains of Portugal;Â£51.15;In stock;1;Â£51.15;Â£51.15;Â£0.00
The Grownup;Â£35.88;In stock;1;Â£35.88;Â£35.88;Â£0.00
The E-Myth Revisited: Why Most Small Businesses Don't Work and What to Do About It;Â£36.91;In stock;1;Â£36.91;Â£36.91;Â£0.00
South of Sunshine;Â£28.93;In stock;1;Â£28.93;Â£28.93;Â£0.00
Smarter Faster Better: The Secrets of Being Productive in Life and Business;Â£38.89;In stock;5;Â£38.89;Â£38.89;Â£0.00
Silence in the Dark (Logan Point #4);Â£58.33;In stock;3;Â£58.33;Â£58.33;Â£0.00
Shadows of the Past (Logan Point #1);Â£39.67;In stock;5;Â£39.67;Â£39.67;Â£0.00
Roller Girl;Â£14.10;In stock;5;Â£14.10;Â£14.10;Â£0.00
Rising Strong;Â£21.82;In stock;3;Â£21.82;Â£21.82;Â£0.00
Proofs of God: Classical Arguments from Tertullian to Barth;Â£54.21;In stock;1;Â£54.21;Â£54.21;Â£0.00
Please Kill Me: The Uncensored Oral History of Punk;Â£31.19;In stock;4;Â£31.19;Â£31.19;Â£0.00
Out of Print: City Lights Spotlight No. 14;Â£53.64;In stock;5;Â£53.64;Â£53.64;Â£0.00
My Life Next Door (My Life Next Door );Â£36.39;In stock;5;Â£36.39;Â£36.39;Â£0.00
Miller's Valley;Â£58.54;In stock;2;Â£58.54;Â£58.54;Â£0.00
Man's Search for Meaning;Â£29.48;In stock;3;Â£29.48;Â£29.48;Â£0.00
Love That Boy: What Two Presidents, Eight Road Trips, and My Son Taught Me About a Parent's Expectations;Â£25.06;In stock;2;Â£25.06;Â£25.06;Â£0.00
Living Forward: A Proven Plan to Stop Drifting and Get the Life You Want;Â£12.55;In stock;3;Â£12.55;Â£12.55;Â£0.00
Les Fleurs du Mal;Â£29.04;In stock;5;Â£29.04;Â£29.04;Â£0.00
Left Behind (Left Behind #1);Â£40.72;In stock;2;Â£40.72;Â£40.72;Â£0.00
Kill 'Em and Leave: Searching for James Brown and the American Soul;Â£45.05;In stock;5;Â£45.05;Â£45.05;Â£0.00
Kierkegaard: A Christian Missionary to Christians;Â£47.13;In stock;1;Â£47.13;Â£47.13;Â£0.00
John Vassos: Industrial Design for Modern Life;Â£20.22;In stock;4;Â£20.22;Â£20.22;Â£0.00
I'll Give You the Sun;Â£56.48;In stock;1;Â£56.48;Â£56.48;Â£0.00
I Will Find You;Â£44.21;In stock;1;Â£44.21;Â£44.21;Â£0.00
Hystopia: A Novel;Â£21.96;In stock;4;Â£21.96;Â£21.96;Â£0.00
Howl and Other Poems;Â£40.45;In stock;2;Â£40.45;Â£40.45;Â£0.00
History of Beauty;Â£10.29;In stock;4;Â£10.29;Â£10.29;Â£0.00
Heaven is for Real: A Little Boy's Astounding Story of His Trip to Heaven and Back;Â£52.86;In stock;2;Â£52.86;Â£52.86;Â£0.00
Future Shock (Future Shock #1);Â£55.65;In stock;5;Â£55.65;Â£55.65;Â£0.00
Ender's Game (The Ender Quintet #1);Â£43.64;In stock;1;Â£43.64;Â£43.64;Â£0.00
Diary of a Citizen Scientist: Chasing Tiger Beetles and Other New Ways of Engaging the World;Â£28.41;In stock;1;Â£28.41;Â£28.41;Â£0.00
Death by Leisure: A Cautionary Tale;Â£37.51;In stock;4;Â£37.51;Â£37.51;Â£0.00
Brilliant Beacons: A History of the American Lighthouse;Â£11.45;In stock;3;Â£11.45;Â£11.45;Â£0.00
Brazen: The Courage to Find the You That's Been Hiding;Â£19.22;In stock;2;Â£19.22;Â£19.22;Â£0.00
Between the World and Me;Â£56.91;In stock;4;Â£56.91;Â£56.91;Â£0.00
Being Mortal: Medicine and What Matters in the End;Â£55.06;In stock;4;Â£55.06;Â£55.06;Â£0.00
A Murder Over a Girl: Justice, Gender, Junior High;Â£13.20;In stock;3;Â£13.20;Â£13.20;Â£0.00
32 Yolks;Â£53.63;In stock;2;Â£53.63;Â£53.63;Â£0.00
"""Most Blessed of the Patriarchs"": Thomas Jefferson and the Empire of the Imagination";Â£44.48;In stock;5;Â£44.48;Â£44.48;Â£0.00
You Are a Badass: How to Stop Doubting Your Greatness and Start Living an Awesome Life;Â£12.08;In stock;3;Â£12.08;Â£12.08;Â£0.00
Wildlife of New York: A Five-Borough Coloring Book;Â£22.14;In stock;2;Â£22.14;Â£22.14;Â£0.00
What Happened on Beale Street (Secrets of the South Mysteries #2);Â£25.37;In stock;5;Â£25.37;Â£25.37;Â£0.00
Unreasonable Hope: Finding Faith in the God Who Brings Purpose to Your Pain;Â£46.33;In stock;2;Â£46.33;Â£46.33;Â£0.00
Under the Tuscan Sun;Â£37.33;In stock;3;Â£37.33;Â£37.33;Â£0.00
Toddlers Are A**holes: It's Not Your Fault;Â£25.55;In stock;1;Â£25.55;Â£25.55;Â£0.00
The Year of Living Biblically: One Man's Humble Quest to Follow the Bible as Literally as Possible;Â£34.72;In stock;1;Â£34.72;Â£34.72;Â£0.00
The Whale;Â£35.96;In stock;4;Â£35.96;Â£35.96;Â£0.00
The Story of Art;Â£41.14;In stock;4;Â£41.14;Â£41.14;Â£0.00
The Origin of Species;Â£10.01;In stock;4;Â£10.01;Â£10.01;Â£0.00
The Great Gatsby;Â£36.05;In stock;4;Â£36.05;Â£36.05;Â£0.00
The Good Girl;Â£49.03;In stock;3;Â£49.03;Â£49.03;Â£0.00
The Glass Castle;Â£16.24;In stock;1;Â£16.24;Â£16.24;Â£0.00
The Faith of Christopher Hitchens: The Restless Soul of the World's Most Notorious Atheist;Â£39.55;In stock;1;Â£39.55;Â£39.55;Â£0.00
The Drowning Girls;Â£35.67;In stock;3;Â£35.67;Â£35.67;Â£0.00
The Constant Princess (The Tudor Court #1);Â£16.62;In stock;3;Â£16.62;Â£16.62;Â£0.00
The Bourne Identity (Jason Bourne #1);Â£42.78;In stock;4;Â£42.78;Â£42.78;Â£0.00
The Bachelor Girl's Guide to Murder (Herringford and Watts Mysteries #1);Â£52.30;In stock;5;Â£52.30;Â£52.30;Â£0.00
The Art Book;Â£32.34;In stock;2;Â£32.34;Â£32.34;Â£0.00
The 7 Habits of Highly Effective People: Powerful Lessons in Personal Change;Â£33.17;In stock;4;Â£33.17;Â£33.17;Â£0.00
Team of Rivals: The Political Genius of Abraham Lincoln;Â£20.12;In stock;5;Â£20.12;Â£20.12;Â£0.00
Steal Like an Artist: 10 Things Nobody Told You About Being Creative;Â£20.90;In stock;2;Â£20.90;Â£20.90;Â£0.00
Sit, Stay, Love;Â£20.90;In stock;3;Â£20.90;Â£20.90;Â£0.00
Sister Dear;Â£40.20;In stock;4;Â£40.20;Â£40.20;Â£0.00
Shrunken Treasures: Literary Classics, Short, Sweet, and Silly;Â£52.87;In stock;3;Â£52.87;Â£52.87;Â£0.00
Rich Dad, Poor Dad;Â£51.74;In stock;1;Â£51.74;Â£51.74;Â£0.00
Raymie Nightingale;Â£34.41;In stock;2;Â£34.41;Â£34.41;Â£0.00
Playing from the Heart;Â£32.38;In stock;1;Â£32.38;Â£32.38;Â£0.00
Nightstruck: A Novel;Â£50.35;In stock;4;Â£50.35;Â£50.35;Â£0.00
Naturally Lean: 125 Nourishing Gluten-Free, Plant-Based Recipes--All Under 300 Calories;Â£11.38;In stock;5;Â£11.38;Â£11.38;Â£0.00
Meternity;Â£43.58;In stock;3;Â£43.58;Â£43.58;Â£0.00
Memoirs of a Geisha;Â£49.67;In stock;3;Â£49.67;Â£49.67;Â£0.00
Like Never Before (Walker Family #2);Â£28.77;In stock;2;Â£28.77;Â£28.77;Â£0.00
Life of Pi;Â£13.22;In stock;4;Â£13.22;Â£13.22;Â£0.00
Leave This Song Behind: Teen Poetry at Its Best;Â£51.17;In stock;5;Â£51.17;Â£51.17;Â£0.00
King's Folly (The Kinsman Chronicles #1);Â£39.61;In stock;5;Â£39.61;Â£39.61;Â£0.00
John Adams;Â£57.43;In stock;4;Â£57.43;Â£57.43;Â£0.00
How to Cook Everything Vegetarian: Simple Meatless Recipes for Great Food (How to Cook Everything);Â£46.01;In stock;4;Â£46.01;Â£46.01;Â£0.00
How to Be a Domestic Goddess: Baking and the Art of Comfort Cooking;Â£28.25;In stock;2;Â£28.25;Â£28.25;Â£0.00
Good in Bed (Cannie Shapiro #1);Â£37.05;In stock;5;Â£37.05;Â£37.05;Â£0.00
Fruits Basket, Vol. 7 (Fruits Basket #7);Â£19.57;In stock;1;Â£19.57;Â£19.57;Â£0.00
For the Love: Fighting for Grace in a World of Impossible Standards;Â£45.13;In stock;3;Â£45.13;Â£45.13;Â£0.00
Finding God in the Ruins: How God Redeems Pain;Â£46.64;In stock;2;Â£46.64;Â£46.64;Â£0.00
Every Heart a Doorway (Every Heart A Doorway #1);Â£12.16;In stock;5;Â£12.16;Â£12.16;Â£0.00
Delivering the Truth (Quaker Midwife Mystery #1);Â£20.89;In stock;4;Â£20.89;Â£20.89;Â£0.00
Counted With the Stars (Out from Egypt #1);Â£17.97;In stock;5;Â£17.97;Â£17.97;Â£0.00
Chronicles, Vol. 1;Â£52.60;In stock;2;Â£52.60;Â£52.60;Â£0.00
Blue Like Jazz: Nonreligious Thoughts on Christian Spirituality;Â£25.77;In stock;1;Â£25.77;Â£25.77;Â£0.00
Benjamin Franklin: An American Life;Â£48.19;In stock;3;Â£48.19;Â£48.19;Â£0.00
At The Existentialist CafÃ©: Freedom, Being, and apricot cocktails with: Jean-Paul Sartre, Simone de Beauvoir, Albert Camus, Martin Heidegger, Edmund Husserl, Karl Jaspers, Maurice Merleau-Ponty and others;Â£29.93;In stock;5;Â£29.93;Â£29.93;Â£0.00
A Summer In Europe;Â£44.34;In stock;2;Â£44.34;Â£44.34;Â£0.00
A Short History of Nearly Everything;Â£52.40;In stock;5;Â£52.40;Â£52.40;Â£0.00
A Gathering of Shadows (Shades of Magic #2);Â£44.81;In stock;4;Â£44.81;Â£44.81;Â£0.00
The Sound Of Love;Â£57.84;In stock;5;Â£57.84;Â£57.84;Â£0.00
The Rise and Fall of the Third Reich: A History of Nazi Germany;Â£39.67;In stock;2;Â£39.67;Â£39.67;Â£0.00
The Perks of Being a Wallflower;Â£55.02;In stock;3;Â£55.02;Â£55.02;Â£0.00
The Mysterious Affair at Styles (Hercule Poirot #1);Â£24.80;In stock;4;Â£24.80;Â£24.80;Â£0.00
The Man Who Mistook His Wife for a Hat and Other Clinical Tales;Â£59.45;In stock;4;Â£59.45;Â£59.45;Â£0.00
The Makings of a Fatherless Child;Â£31.58;In stock;2;Â£31.58;Â£31.58;Â£0.00
The Joy of Cooking;Â£43.27;In stock;4;Â£43.27;Â£43.27;Â£0.00
The Invention of Wings;Â£37.34;In stock;1;Â£37.34;Â£37.34;Â£0.00
The Hobbit (Middle-Earth Universe);Â£17.80;In stock;5;Â£17.80;Â£17.80;Â£0.00
The Great Railway Bazaar;Â£30.54;In stock;1;Â£30.54;Â£30.54;Â£0.00
The Golden Compass (His Dark Materials #1);Â£18.77;In stock;1;Â£18.77;Â£18.77;Â£0.00
The God Delusion;Â£46.85;In stock;3;Â£46.85;Â£46.85;Â£0.00
The Girl You Left Behind (The Girl You Left Behind #1);Â£15.79;In stock;1;Â£15.79;Â£15.79;Â£0.00
The Fellowship of the Ring (The Lord of the Rings #1);Â£10.27;In stock;2;Â£10.27;Â£10.27;Â£0.00
The Collected Poems of W.B. Yeats (The Collected Works of W.B. Yeats #1);Â£15.42;In stock;5;Â£15.42;Â£15.42;Â£0.00
The Barefoot Contessa Cookbook;Â£59.92;In stock;5;Â£59.92;Â£59.92;Â£0.00
Tell the Wolves I'm Home;Â£50.96;In stock;2;Â£50.96;Â£50.96;Â£0.00
Ship Leaves Harbor: Essays on Travel by a Recovering Journeyman;Â£30.60;In stock;3;Â£30.60;Â£30.60;Â£0.00
Pride and Prejudice;Â£19.27;In stock;4;Â£19.27;Â£19.27;Â£0.00
Musicophilia: Tales of Music and the Brain;Â£46.58;In stock;1;Â£46.58;Â£46.58;Â£0.00
Mere Christianity;Â£48.51;In stock;3;Â£48.51;Â£48.51;Â£0.00
Me Before You (Me Before You #1);Â£19.02;In stock;1;Â£19.02;Â£19.02;Â£0.00
In the Woods (Dublin Murder Squad #1);Â£38.38;In stock;2;Â£38.38;Â£38.38;Â£0.00
In Cold Blood;Â£49.98;In stock;4;Â£49.98;Â£49.98;Â£0.00
How to Stop Worrying and Start Living;Â£46.49;In stock;5;Â£46.49;Â£46.49;Â£0.00
Give It Back;Â£18.32;In stock;2;Â£18.32;Â£18.32;Â£0.00
Girl, Interrupted;Â£42.14;In stock;3;Â£42.14;Â£42.14;Â£0.00
Fun Home: A Family Tragicomic;Â£56.59;In stock;4;Â£56.59;Â£56.59;Â£0.00
Fruits Basket, Vol. 6 (Fruits Basket #6);Â£20.96;In stock;4;Â£20.96;Â£20.96;Â£0.00
Deception Point;Â£40.32;In stock;4;Â£40.32;Â£40.32;Â£0.00
Death Note, Vol. 6: Give-and-Take (Death Note #6);Â£36.39;In stock;3;Â£36.39;Â£36.39;Â£0.00
Catherine the Great: Portrait of a Woman;Â£58.55;In stock;4;Â£58.55;Â£58.55;Â£0.00
Better Homes and Gardens New Cook Book;Â£39.61;In stock;3;Â£39.61;Â£39.61;Â£0.00
An Unquiet Mind: A Memoir of Moods and Madness;Â£21.30;In stock;3;Â£21.30;Â£21.30;Â£0.00
A Year in Provence (Provence #1);Â£56.88;In stock;4;Â£56.88;Â£56.88;Â£0.00
World Without End (The Pillars of the Earth #2);Â£32.97;In stock;4;Â£32.97;Â£32.97;Â£0.00
Will Grayson, Will Grayson (Will Grayson, Will Grayson);Â£47.31;In stock;4;Â£47.31;Â£47.31;Â£0.00
Why Save the Bankers?: And Other Essays on Our Economic and Political Crisis;Â£48.67;In stock;2;Â£48.67;Â£48.67;Â£0.00
Where She Went (If I Stay #2);Â£41.73;In stock;4;Â£41.73;Â£41.73;Â£0.00
What If?: Serious Scientific Answers to Absurd Hypothetical Questions;Â£53.68;In stock;4;Â£53.68;Â£53.68;Â£0.00
Two Summers;Â£14.64;In stock;1;Â£14.64;Â£14.64;Â£0.00
This Is Your Brain on Music: The Science of a Human Obsession;Â£38.40;In stock;1;Â£38.40;Â£38.40;Â£0.00
The Secret Garden;Â£15.08;In stock;4;Â£15.08;Â£15.08;Â£0.00
The Raven King (The Raven Cycle #4);Â£30.57;In stock;2;Â£30.57;Â£30.57;Â£0.00
The Raven Boys (The Raven Cycle #1);Â£57.74;In stock;4;Â£57.74;Â£57.74;Â£0.00
The Power Greens Cookbook: 140 Delicious Superfood Recipes;Â£11.05;In stock;5;Â£11.05;Â£11.05;Â£0.00
The Metamorphosis;Â£28.58;In stock;1;Â£28.58;Â£28.58;Â£0.00
The Mathews Men: Seven Brothers and the War Against Hitler's U-boats;Â£42.91;In stock;5;Â£42.91;Â£42.91;Â£0.00
The Little Paris Bookshop;Â£24.73;In stock;3;Â£24.73;Â£24.73;Â£0.00
The Hiding Place;Â£55.91;In stock;4;Â£55.91;Â£55.91;Â£0.00
The Grand Design;Â£13.76;In stock;3;Â£13.76;Â£13.76;Â£0.00
The Firm;Â£45.56;In stock;3;Â£45.56;Â£45.56;Â£0.00
The Fault in Our Stars;Â£47.22;In stock;1;Â£47.22;Â£47.22;Â£0.00
The False Prince (The Ascendance Trilogy #1);Â£56.00;In stock;5;Â£56.00;Â£56.00;Â£0.00
The Expatriates;Â£44.58;In stock;2;Â£44.58;Â£44.58;Â£0.00
